id,first_name,last_name,email,gender,ip_address
1,Brande,Janssen,bjanssen0@washington.edu,Genderfluid,251.118.45.236
2,null,Barchrameev,abarchrameev1@indiatimes.com,Male,101.15.7.234
1,Brande,Janssen,bjanssen0@washington.edu,Genderfluid,251.118.45.236
1,Brande,Janssen,bjanssen0@washington.edu,Genderfluid,251.118.45.236
4,York,Macklam,ymacklam3@constantcontact.com,Non-binary,249.154.109.140
5,Ruttger,Reason,rreason4@scientificamerican.com,Agender,75.168.38.80
6,Drud,Littleover,dlittleover5@who.int,Male,239.62.8.72
7,Marys,Rubinsaft,mrubinsaft6@gravatar.com,Female,140.138.33.34
8,Andris,Ferryman,aferryman7@plala.or.jp,Male,100.162.6.49
9,Kerwin,Lisciardelli,klisciardelli8@bluehost.com,Male,207.238.147.11
10,Auguste,Lunney,alunney9@jalbum.net,Female,26.166.108.34
11,Cob,Brosini,cbrosinia@smh.com.au,Male,143.123.92.24
12,Elnora,Varren,evarrenb@wiley.com,Female,1.189.164.68
13,Erl,Flipek,eflipekc@merriam-webster.com,Polygender,13.149.225.95
14,Queenie,Cowley,qcowleyd@mediafire.com,Female,106.138.228.227
15,Naoma,Sutterby,nsutterbye@de.vu,Female,121.240.1.5
16,Dyana,Surpliss,dsurplissf@xinhuanet.com,Female,133.223.79.15
17,Benn,Peracco,bperaccog@webs.com,Male,109.6.170.9
18,Rooney,Lovell,rlovellh@livejournal.com,Male,57.79.158.160
19,Halsey,Sutherby,hsutherbyi@studiopress.com,Male,10.71.208.86
20,Laryssa,Negro,lnegroj@google.com.hk,Genderfluid,19.117.190.9
21,Leonerd,Bumby,lbumbyk@cpanel.net,Male,62.173.230.233
22,Avigdor,Clinnick,aclinnickl@webnode.com,Male,224.203.254.77
23,Oswell,Youdell,oyoudellm@yelp.com,Male,227.154.245.95
24,Vi,Kewish,vkewishn@virginia.edu,Female,43.15.232.79
25,Roarke,Fillon,rfillono@huffingtonpost.com,Male,161.58.119.41
26,Reeta,Coath,rcoathp@nature.com,Female,161.123.63.43
27,Bethany,Dowbekin,bdowbekinq@hhs.gov,Female,28.206.158.100
28,Sile,Legendre,slegendrer@blogspot.com,Female,204.199.156.55
29,Clea,McQuorkel,cmcquorkels@github.com,Female,60.123.218.5
30,Ernestus,Gaudin,egaudint@123-reg.co.uk,Male,253.126.118.191
31,Nance,Thresh,nthreshu@topsy.com,Female,150.141.24.228
32,Marnie,Jurisic,mjurisicv@imageshack.us,Female,167.62.216.169
33,Verney,Storry,vstorryw@shareasale.com,Male,75.22.196.94
34,Corry,M'Quharg,cmquhargx@chronoengine.com,Female,156.156.119.107
35,Morse,Verity,mverityy@weather.com,Agender,47.58.58.16
36,Dilly,Marr,dmarrz@sphinn.com,Male,79.166.187.107
37,Vernen,Nassie,vnassie10@usnews.com,Male,155.23.68.35
38,Nonna,Renak,nrenak11@businessweek.com,Female,236.23.24.185
39,Joachim,Draijer,jdraijer12@vistaprint.com,Male,76.96.113.179
40,Winifield,Bradie,wbradie13@sfgate.com,Male,79.190.106.15
41,Shannen,Methuen,smethuen14@gov.uk,Female,57.35.208.72
42,Anselm,Kubica,akubica15@economist.com,Male,70.38.128.64
43,Noach,Batha,nbatha16@furl.net,Male,181.212.6.216
44,Cass,Roskam,croskam17@oaic.gov.au,Female,122.155.136.178
45,Thekla,Imbrey,timbrey18@huffingtonpost.com,Female,243.209.187.173
46,Bari,Brusby,bbrusby19@usgs.gov,Female,17.25.238.179
47,Reena,Pipkin,rpipkin1a@biblegateway.com,Female,36.29.174.7
48,Orion,Hallowes,ohallowes1b@sciencedirect.com,Male,240.139.104.30
49,Barby,Twiddy,btwiddy1c@twitpic.com,Female,213.21.45.5
50,Fairlie,Jumonet,fjumonet1d@bloomberg.com,Male,54.194.92.15
51,Lark,Dunk,ldunk1e@google.es,Agender,81.186.193.205
52,Malachi,Coggon,mcoggon1f@delicious.com,Genderqueer,39.45.198.12
53,West,Echlin,wechlin1g@cloudflare.com,Genderqueer,89.134.74.225
54,Vinnie,Castaneda,vcastaneda1h@hc360.com,Female,150.109.89.228
55,Warde,Pryer,wpryer1i@marriott.com,Male,182.11.224.27
56,Jenny,Springell,jspringell1j@de.vu,Female,155.122.61.217
57,Addison,Brandino,abrandino1k@ifeng.com,Male,160.29.234.108
58,Minnnie,Maso,mmaso1l@cbslocal.com,Female,165.31.52.234
59,Reba,O'Sheeryne,rosheeryne1m@umn.edu,Non-binary,104.125.98.140
60,Gwyn,Sidaway,gsidaway1n@unesco.org,Female,65.168.96.45
61,Mei,Pietasch,mpietasch1o@istockphoto.com,Female,100.78.162.141
62,Wrennie,Griffith,wgriffith1p@gnu.org,Female,244.110.222.237
63,Jemmy,Landman,jlandman1q@disqus.com,Female,33.236.164.242
64,Petronella,Shetliff,pshetliff1r@go.com,Female,28.252.41.222
65,Hermia,Sikorsky,hsikorsky1s@springer.com,Agender,250.44.106.224
66,Waldemar,Reaman,wreaman1t@github.com,Male,213.133.119.67
67,Myer,Eddoes,meddoes1u@spotify.com,Male,213.52.175.138
68,Iormina,Ternent,iternent1v@answers.com,Female,246.157.26.59
69,Bess,Pindred,bpindred1w@examiner.com,Genderqueer,236.108.200.43
70,Willi,Morstatt,wmorstatt1x@stumbleupon.com,Male,243.30.221.62
71,Waylan,Vollam,wvollam1y@chron.com,Male,71.136.193.15
72,Odette,Crankhorn,ocrankhorn1z@google.es,Female,207.42.84.147
73,Luciano,Ingrem,lingrem20@answers.com,Genderqueer,146.194.197.252
74,Ricky,Thunnercliffe,rthunnercliffe21@answers.com,Male,55.155.173.27
75,Reggy,Dannehl,rdannehl22@berkeley.edu,Male,47.25.21.143
76,Theadora,Killough,tkillough23@comcast.net,Female,111.48.215.202
77,Pietro,Somerfield,psomerfield24@sciencedaily.com,Male,233.28.202.245
78,Mirelle,Mees,mmees25@a8.net,Female,225.142.118.173
79,Salomon,Sarge,ssarge26@sbwire.com,Male,13.175.0.228
80,Barb,Helwig,bhelwig27@bloglovin.com,Female,239.53.234.11
81,Marge,Castanos,mcastanos28@nasa.gov,Female,53.121.14.136
82,Ernst,Hefforde,ehefforde29@google.cn,Male,10.210.181.250
83,Sherm,Satterthwaite,ssatterthwaite2a@canalblog.com,Male,220.135.119.244
84,Mannie,Leyre,mleyre2b@nhs.uk,Male,47.187.91.134
85,Karia,Mathias,kmathias2c@bizjournals.com,Female,243.236.206.190
86,Zorana,Webb-Bowen,zwebbbowen2d@plala.or.jp,Female,32.121.234.221
87,Silvie,Kellington,skellington2e@flickr.com,Female,73.141.95.64
88,Nev,Keogh,nkeogh2f@qq.com,Male,138.123.11.176
89,Eldridge,Brickham,ebrickham2g@unicef.org,Male,245.179.174.255
90,Garwood,Prys,gprys2h@earthlink.net,Male,210.16.62.82
91,Shurlocke,Malley,smalley2i@unc.edu,Bigender,132.170.210.17
92,Christopher,Ferraresi,cferraresi2j@geocities.jp,Male,25.168.32.96
93,Meggi,Mundle,mmundle2k@who.int,Female,128.154.159.227
94,Gwenni,Jerdon,gjerdon2l@cdc.gov,Female,208.83.193.209
95,Perry,Bradlaugh,pbradlaugh2m@tinyurl.com,Male,31.5.201.56
96,Mendy,Greenard,mgreenard2n@alexa.com,Male,143.83.150.214
97,Del,Chason,dchason2o@oracle.com,Male,192.219.176.163
98,Randie,Acreman,racreman2p@dot.gov,Male,236.43.225.11
99,Alvin,Clinch,aclinch2q@dailymotion.com,Male,169.221.99.250
100,Abbey,Witch,awitch2r@multiply.com,Male,251.185.135.13
101,Corrina,Bibbie,cbibbie2s@eventbrite.com,Female,39.227.87.41
102,Darnell,Kiddie,dkiddie2t@amazon.com,Male,248.94.116.241
103,Fedora,Rowell,frowell2u@miitbeian.gov.cn,Female,142.246.221.15
104,Raphaela,Franz,rfranz2v@google.de,Female,192.103.42.178
105,Karel,Fritter,kfritter2w@mashable.com,Male,233.173.213.162
106,Flinn,Flanagan,fflanagan2x@mozilla.com,Male,172.220.37.34
107,Nanci,Ollarenshaw,nollarenshaw2y@squarespace.com,Female,179.70.175.51
108,Reidar,Facer,rfacer2z@google.cn,Male,94.148.21.69
109,Burtie,Baish,bbaish30@bloglines.com,Male,199.6.161.94
110,Josh,Gorthy,jgorthy31@gmpg.org,Male,95.180.151.9
111,Romy,Neissen,rneissen32@360.cn,Female,235.28.134.197
112,Adela,Seward,aseward33@zdnet.com,Female,47.153.161.117
113,Coralyn,Antrag,cantrag34@webeden.co.uk,Female,229.251.18.148
114,Jammal,Rizzardini,jrizzardini35@linkedin.com,Polygender,160.36.227.193
115,Kinnie,Vial,kvial36@who.int,Male,174.138.202.145
116,Rois,Penton,rpenton37@surveymonkey.com,Female,51.42.120.200
117,Gaynor,Wilkinson,gwilkinson38@thetimes.co.uk,Female,121.135.217.186
118,Hailee,Jacquemard,hjacquemard39@zdnet.com,Female,112.238.146.122
119,Kit,Cantle,kcantle3a@noaa.gov,Male,22.77.218.81
120,Delcina,Sandbach,dsandbach3b@samsung.com,Agender,125.171.25.162
121,Lishe,Carberry,lcarberry3c@engadget.com,Female,227.78.226.48
122,Albertina,Harrie,aharrie3d@angelfire.com,Female,93.239.81.59
123,Sammy,Edy,sedy3e@unesco.org,Female,79.50.23.166
124,Enid,Petrushka,epetrushka3f@chicagotribune.com,Female,58.120.10.12
125,Waly,Snasel,wsnasel3g@flickr.com,Female,111.3.128.73
126,Thea,Spight,tspight3h@mediafire.com,Female,167.85.212.62
127,Elie,Spire,espire3i@fotki.com,Female,112.130.114.244
128,Benjamin,Culley,bculley3j@istockphoto.com,Male,49.21.55.140
129,Hendrick,Quickfall,hquickfall3k@is.gd,Male,67.191.149.214
130,Pearla,Gladbeck,pgladbeck3l@example.com,Female,27.142.234.180
131,Rey,Brien,rbrien3m@statcounter.com,Female,77.4.169.244
132,Iseabal,Lydiate,ilydiate3n@ibm.com,Female,21.180.10.47
133,Schuyler,Rubel,srubel3o@sciencedaily.com,Male,8.140.166.246
134,Marchelle,O'Shirine,moshirine3p@1und1.de,Female,217.138.15.247
135,Noe,Bowlas,nbowlas3q@phpbb.com,Agender,11.138.192.235
136,Britni,Gilmour,bgilmour3r@kickstarter.com,Female,57.122.63.33
137,Benoit,Lamberton,blamberton3s@pagesperso-orange.fr,Male,248.99.181.234
138,Vitoria,Escott,vescott3t@google.com.hk,Female,12.143.141.132
139,Harris,Grgic,hgrgic3u@e-recht24.de,Male,38.52.167.197
140,Tonia,Lanigan,tlanigan3v@slashdot.org,Female,84.72.221.165
141,Sophia,Momery,smomery3w@unesco.org,Genderfluid,172.175.191.180
142,Tersina,Gruszczak,tgruszczak3x@goodreads.com,Female,85.245.217.225
143,Mitch,Marvell,mmarvell3y@fda.gov,Male,147.217.47.28
144,Erinna,Lockley,elockley3z@rakuten.co.jp,Female,165.124.79.7
145,Winthrop,Byass,wbyass40@bing.com,Male,19.133.168.130
146,Desdemona,De Beauchemp,ddebeauchemp41@constantcontact.com,Female,183.20.1.120
147,Grace,Meffen,gmeffen42@bing.com,Male,218.29.243.148
148,Josy,Guitte,jguitte43@linkedin.com,Female,54.98.32.184
149,Ken,Matzkaitis,kmatzkaitis44@blogspot.com,Male,51.155.186.39
150,Brianne,Hartlebury,bhartlebury45@mac.com,Polygender,249.183.24.55
151,Luciano,McKern,lmckern46@about.me,Male,4.182.10.108
152,Hildy,Wilmington,hwilmington47@fotki.com,Female,30.212.226.19
153,Lilli,Kording,lkording48@bbb.org,Female,41.135.104.124
154,Angelico,Skinner,askinner49@yolasite.com,Male,101.218.224.234
155,Rafa,Yo,ryo4a@hubpages.com,Female,137.165.204.242
156,Skippy,Dorrell,sdorrell4b@time.com,Male,182.169.61.194
157,Rosaline,Ambrogioni,rambrogioni4c@weather.com,Female,75.129.233.55
158,Krisha,Winkett,kwinkett4d@vistaprint.com,Male,114.87.17.14
159,Ignazio,Eddow,ieddow4e@arstechnica.com,Male,194.99.171.183
160,Cary,Prattington,cprattington4f@live.com,Female,141.14.251.27
161,Tremayne,Elster,telster4g@stanford.edu,Male,144.128.121.170
162,Mab,Chadbourn,mchadbourn4h@creativecommons.org,Polygender,229.240.140.141
163,Tracey,Bramsom,tbramsom4i@weebly.com,Female,105.255.6.126
164,Lonnard,Gensavage,lgensavage4j@goodreads.com,Male,110.164.61.79
165,Red,Farloe,rfarloe4k@nih.gov,Male,252.248.246.34
166,Reina,Kewish,rkewish4l@vk.com,Female,185.83.8.39
167,Lemmie,Algar,lalgar4m@blog.com,Polygender,81.255.173.61
168,Vernor,Dyet,vdyet4n@webeden.co.uk,Male,157.250.75.203
169,Gavra,Bugdall,gbugdall4o@netvibes.com,Female,40.150.182.240
170,Pierson,Meco,pmeco4p@cisco.com,Male,56.80.221.211
171,Duane,Cauthra,dcauthra4q@columbia.edu,Male,33.205.1.63
172,Anatole,Pink,apink4r@berkeley.edu,Male,159.120.81.218
173,Patric,Titcombe,ptitcombe4s@discovery.com,Male,81.189.13.225
174,Gherardo,MacNeish,gmacneish4t@ucoz.com,Agender,39.170.27.173
175,Georgine,Boutcher,gboutcher4u@deliciousdays.com,Female,89.193.189.43
176,Lenee,Winton,lwinton4v@paypal.com,Female,100.134.15.190
177,Michele,Andri,mandri4w@time.com,Male,247.53.106.128
178,Tracey,Beeho,tbeeho4x@theatlantic.com,Female,114.51.51.213
179,Eddie,Jakovijevic,ejakovijevic4y@rambler.ru,Male,132.51.97.125
180,Atlante,Sawnwy,asawnwy4z@imageshack.us,Female,70.146.197.82
181,Daveta,McBrady,dmcbrady50@home.pl,Female,8.58.68.93
182,Sigrid,Dettmar,sdettmar51@washingtonpost.com,Female,180.58.1.254
183,Alford,Greenroyd,agreenroyd52@bbc.co.uk,Male,18.33.136.168
184,Zebadiah,Zanazzi,zzanazzi53@youtube.com,Male,195.4.70.88
185,Bette-ann,Karmel,bkarmel54@tuttocitta.it,Female,188.215.232.238
186,Timmy,Eadmeads,teadmeads55@opera.com,Female,196.60.155.119
187,Merrill,Fassbender,mfassbender56@ucsd.edu,Male,72.8.167.92
188,Corey,O'Dogherty,codogherty57@shinystat.com,Male,193.247.225.201
189,Merwin,Hagston,mhagston58@arstechnica.com,Male,179.205.252.183
190,Neall,Darycott,ndarycott59@google.cn,Male,137.245.70.236
191,Wylie,Fullun,wfullun5a@auda.org.au,Male,112.92.124.109
192,Starlin,Larchier,slarchier5b@theglobeandmail.com,Female,208.104.116.247
193,Pace,Webber,pwebber5c@squidoo.com,Polygender,67.146.255.118
194,Ches,Manolov,cmanolov5d@i2i.jp,Male,32.100.130.124
195,Pooh,Filkov,pfilkov5e@163.com,Male,212.144.91.58
196,Farlee,Andrasch,fandrasch5f@wunderground.com,Male,70.24.231.27
197,Quincey,Giorgini,qgiorgini5g@senate.gov,Male,201.70.16.226
198,Kellby,McAughtrie,kmcaughtrie5h@businesswire.com,Male,59.100.32.116
199,Hector,Decourt,hdecourt5i@studiopress.com,Male,165.134.187.86
200,Malinde,Beaves,mbeaves5j@hhs.gov,Female,89.201.216.70
201,Sallyanne,Cottisford,scottisford5k@icq.com,Female,128.240.105.68
202,Jaye,Fantini,jfantini5l@theglobeandmail.com,Male,116.166.23.89
203,Darryl,Meneux,dmeneux5m@google.fr,Male,105.23.146.56
204,Vernon,Heinert,vheinert5n@wikimedia.org,Male,115.136.86.204
205,Daren,Muckersie,dmuckersie5o@biglobe.ne.jp,Male,97.187.231.0
206,Andy,Makeswell,amakeswell5p@yandex.ru,Polygender,2.255.44.186
207,Arley,Shurlock,ashurlock5q@posterous.com,Male,13.166.171.95
208,Vin,Redman,vredman5r@e-recht24.de,Male,163.40.83.118
209,Ezekiel,Muller,emuller5s@cbslocal.com,Male,143.2.136.38
210,Gris,Trewinnard,gtrewinnard5t@cdbaby.com,Male,156.100.11.238
211,Marietta,Minguet,mminguet5u@squarespace.com,Male,187.134.39.159
212,Willi,Fane,wfane5v@scientificamerican.com,Male,100.9.52.227
213,Carly,Renols,crenols5w@apache.org,Male,167.57.154.244
214,Ron,Heads,rheads5x@tinypic.com,Male,232.79.91.102
215,Nickolaus,Halso,nhalso5y@taobao.com,Male,52.236.244.201
216,Rafaelia,Shawe,rshawe5z@latimes.com,Female,240.203.95.2
217,Andreas,Bavage,abavage60@wikipedia.org,Bigender,250.114.191.93
218,Norton,Dives,ndives61@last.fm,Male,175.184.195.163
219,Maridel,Eynon,meynon62@npr.org,Female,40.10.87.117
220,Dimitry,Carbonell,dcarbonell63@instagram.com,Male,23.2.226.214
221,Burl,Von Salzberg,bvonsalzberg64@sourceforge.net,Male,87.173.92.91
222,Devlin,Garlick,dgarlick65@issuu.com,Genderqueer,61.193.142.27
223,Tremain,Sawter,tsawter66@meetup.com,Male,47.255.29.67
224,Jolie,Matczak,jmatczak67@technorati.com,Female,197.248.54.120
225,Kippie,Lauritsen,klauritsen68@hexun.com,Male,123.69.188.52
226,Kristo,Molan,kmolan69@sbwire.com,Male,145.187.248.48
227,Kiley,Blowing,kblowing6a@gnu.org,Genderqueer,196.125.42.1
228,Lyndy,Leah,lleah6b@dot.gov,Female,119.211.4.209
229,Anders,Graalmans,agraalmans6c@macromedia.com,Male,203.106.192.190
230,Lonna,Stoll,lstoll6d@printfriendly.com,Female,101.26.14.223
231,Stevana,Bridle,sbridle6e@auda.org.au,Female,132.207.160.185
232,Case,Sheehan,csheehan6f@ycombinator.com,Male,7.210.66.84
233,Reggis,Coviello,rcoviello6g@discovery.com,Non-binary,138.111.188.191
234,Etta,Bosnell,ebosnell6h@360.cn,Female,244.64.136.215
235,Britte,Baudains,bbaudains6i@pbs.org,Female,87.4.77.4
236,Rickie,Backshaw,rbackshaw6j@icio.us,Female,236.62.98.234
237,Kylie,O'Flynn,koflynn6k@shareasale.com,Male,98.224.127.22
238,Hans,Gidley,hgidley6l@tamu.edu,Male,82.217.0.121
239,Alf,le Keux,alekeux6m@twitpic.com,Male,174.205.77.58
240,Jefferson,Mansion,jmansion6n@tumblr.com,Male,37.8.19.79
241,Lannie,Renad,lrenad6o@shareasale.com,Agender,97.3.228.155
242,Alie,Wittering,awittering6p@odnoklassniki.ru,Female,225.65.34.35
243,Ermanno,Ledgard,eledgard6q@wiley.com,Agender,218.94.152.20
244,Humfried,Cunnah,hcunnah6r@craigslist.org,Male,75.154.184.94
245,Free,Mudle,fmudle6s@quantcast.com,Male,57.126.54.118
246,Amie,Casina,acasina6t@xing.com,Female,155.12.210.213
247,Marilin,Loveday,mloveday6u@techcrunch.com,Female,55.89.216.207
248,Skye,Palser,spalser6v@g.co,Non-binary,135.4.4.42
249,Rozelle,Lanfear,rlanfear6w@google.co.uk,Female,181.12.58.180
250,Clari,Shevlin,cshevlin6x@cpanel.net,Female,182.14.206.85
251,Katuscha,Ruhben,kruhben6y@thetimes.co.uk,Female,217.170.174.49
252,Winifield,McEttigen,wmcettigen6z@businessinsider.com,Male,100.154.67.164
253,Adolph,Connolly,aconnolly70@e-recht24.de,Male,212.3.225.155
254,Agretha,Mazzeo,amazzeo71@psu.edu,Female,153.39.138.155
255,Debora,Matveichev,dmatveichev72@bbb.org,Female,207.177.120.110
256,Killie,Spilling,kspilling73@virginia.edu,Male,211.204.36.12
257,Cassaundra,Kubiczek,ckubiczek74@un.org,Female,136.196.162.116
258,Demetra,O'Lochan,dolochan75@is.gd,Female,231.112.226.40
259,Wells,Cleatherow,wcleatherow76@dion.ne.jp,Male,173.210.228.237
260,Cris,Bearham,cbearham77@columbia.edu,Non-binary,246.31.129.80
261,Chanda,Wharf,cwharf78@marriott.com,Female,146.147.233.209
262,Marcelo,Doud,mdoud79@eventbrite.com,Male,59.143.34.164
263,Brittani,Liversidge,bliversidge7a@biglobe.ne.jp,Female,78.61.67.150
264,Kim,Shellum,kshellum7b@loc.gov,Female,70.180.193.201
265,Stanton,McGrale,smcgrale7c@plala.or.jp,Male,20.58.237.255
266,Wait,De Castri,wdecastri7d@msn.com,Male,229.76.230.11
267,Matthaeus,Millott,mmillott7e@ow.ly,Male,140.97.189.120
268,Hyacinth,Feek,hfeek7f@house.gov,Female,66.241.43.78
269,Boris,Tupling,btupling7g@wikimedia.org,Male,112.237.24.214
270,Natasha,Stollenbeck,nstollenbeck7h@nyu.edu,Female,254.13.172.205
271,Edvard,Poulney,epoulney7i@plala.or.jp,Male,112.226.142.202
272,Elden,Langworthy,elangworthy7j@ocn.ne.jp,Male,125.98.180.17
273,Morlee,Stonham,mstonham7k@newsvine.com,Male,71.208.162.36
274,Kile,Bowcock,kbowcock7l@gizmodo.com,Male,40.145.142.79
275,Ange,Kembrey,akembrey7m@miitbeian.gov.cn,Female,37.127.235.236
276,Fancy,Carling,fcarling7n@jiathis.com,Female,2.162.22.103
277,Edward,Awmack,eawmack7o@pen.io,Male,166.4.45.91
278,Judy,Presslee,jpresslee7p@elpais.com,Female,163.19.105.24
279,Glennis,Gummer,ggummer7q@wix.com,Female,170.216.85.18
280,Thalia,Bassano,tbassano7r@github.io,Female,176.111.239.180
281,Lulita,Rapier,lrapier7s@usgs.gov,Female,102.89.118.252
282,Steven,Poff,spoff7t@hhs.gov,Male,233.86.5.203
283,Lynnea,Peschka,lpeschka7u@gov.uk,Female,70.188.136.37
284,Madeleine,Trengove,mtrengove7v@a8.net,Female,127.162.75.70
285,Bernardine,Clousley,bclousley7w@house.gov,Female,2.110.124.200
286,Leonerd,Heisham,lheisham7x@sina.com.cn,Male,121.194.179.62
287,Jefferson,Elwin,jelwin7y@dailymotion.com,Male,36.123.223.130
288,Rosene,Palphramand,rpalphramand7z@usatoday.com,Female,39.188.45.186
289,Yankee,Willcocks,ywillcocks80@pagesperso-orange.fr,Male,138.180.198.98
290,Gates,Dorwood,gdorwood81@youtube.com,Female,138.232.91.163
291,Brigitta,Vezey,bvezey82@mail.ru,Female,56.141.164.125
292,Gabrielle,Lewson,glewson83@walmart.com,Female,0.174.220.68
293,Shaun,Brideoke,sbrideoke84@scribd.com,Female,64.206.87.235
294,Mickey,Ping,mping85@163.com,Genderqueer,166.201.188.249
295,Edik,Swindlehurst,eswindlehurst86@merriam-webster.com,Male,185.252.138.199
296,Joletta,Klemencic,jklemencic87@youku.com,Genderqueer,209.196.5.105
297,Loren,Rathbourne,lrathbourne88@reddit.com,Female,49.134.153.93
298,Josiah,Rollings,jrollings89@qq.com,Male,140.13.176.182
299,Craig,MacTurlough,cmacturlough8a@springer.com,Male,232.84.57.230
300,Antons,Face,aface8b@npr.org,Male,20.124.247.19
301,Ramsey,Kunzler,rkunzler8c@cnet.com,Male,66.43.74.230
302,Wallie,Lafferty,wlafferty8d@spiegel.de,Male,217.190.163.122
303,Ainslee,Onn,aonn8e@tripod.com,Female,152.81.170.104
304,Irene,Kenneford,ikenneford8f@fema.gov,Non-binary,118.116.103.82
305,Hoebart,Camm,hcamm8g@4shared.com,Male,143.133.252.173
306,Erskine,Clericoates,eclericoates8h@photobucket.com,Male,113.200.208.35
307,Curt,Gariff,cgariff8i@ezinearticles.com,Male,24.71.42.234
308,Karl,Speak,kspeak8j@redcross.org,Male,96.31.88.88
309,Lorri,Sleeford,lsleeford8k@booking.com,Female,117.2.102.208
310,Cicely,Tidey,ctidey8l@economist.com,Agender,43.131.125.160
311,Pearce,Grimmolby,pgrimmolby8m@biglobe.ne.jp,Male,215.70.30.149
312,Sibbie,Gallifont,sgallifont8n@whitehouse.gov,Female,225.66.172.85
313,Robby,Danne,rdanne8o@purevolume.com,Male,133.82.121.195
314,Silvain,Dongles,sdongles8p@google.co.jp,Male,184.12.109.79
315,Valma,Eburah,veburah8q@google.cn,Female,28.213.131.61
316,Patricia,Tollerton,ptollerton8r@reverbnation.com,Female,249.158.70.83
317,Analise,Trimming,atrimming8s@printfriendly.com,Female,201.250.18.242
318,Dunc,Harbage,dharbage8t@forbes.com,Polygender,90.215.18.240
319,Ermin,Jozsa,ejozsa8u@sfgate.com,Male,182.34.205.20
320,Gert,Tuffley,gtuffley8v@comsenz.com,Female,148.227.10.8
321,Inglis,Gaines,igaines8w@google.co.uk,Male,169.124.7.71
322,Bidget,Witherington,bwitherington8x@twitter.com,Female,174.18.173.156
323,Rebbecca,Labusch,rlabusch8y@google.com.hk,Female,240.83.91.161
324,Rooney,Hatrey,rhatrey8z@techcrunch.com,Male,73.5.77.98
325,Dan,Rispin,drispin90@fema.gov,Male,130.25.150.12
326,Davon,Agdahl,dagdahl91@taobao.com,Male,241.155.237.235
327,Barrie,Olford,bolford92@statcounter.com,Female,241.157.70.217
328,Caddric,Czyz,cczyz93@angelfire.com,Male,57.124.79.29
329,Dolly,Chinnery,dchinnery94@columbia.edu,Female,220.124.60.156
330,Vallie,Whotton,vwhotton95@stanford.edu,Female,59.226.52.234
331,Lawrence,Goutcher,lgoutcher96@thetimes.co.uk,Male,186.132.138.40
332,Erv,Halahan,ehalahan97@oakley.com,Male,0.110.14.222
333,Artur,Cheales,acheales98@soup.io,Male,158.124.72.61
334,Gasparo,Ledgley,gledgley99@rakuten.co.jp,Non-binary,245.194.62.248
335,Merrile,Dinis,mdinis9a@nih.gov,Female,19.124.156.7
336,Katina,Tottman,ktottman9b@thetimes.co.uk,Female,239.137.17.13
337,Sayre,Standbrook,sstandbrook9c@washington.edu,Female,68.60.192.71
338,Patrizius,Boggon,pboggon9d@nhs.uk,Genderfluid,171.99.70.246
339,Amity,Farrer,afarrer9e@prweb.com,Female,186.220.235.154
340,Christel,Slite,cslite9f@va.gov,Female,104.191.24.105
341,Cristie,Dawton,cdawton9g@cbslocal.com,Female,183.49.37.4
342,Kassia,Lomax,klomax9h@webmd.com,Polygender,69.118.146.187
343,Kiel,Bradberry,kbradberry9i@state.gov,Male,3.9.159.56
344,Gunther,Ianinotti,gianinotti9j@paypal.com,Male,106.102.23.92
345,Audie,Keep,akeep9k@umn.edu,Non-binary,166.24.245.165
346,Esteban,Toogood,etoogood9l@linkedin.com,Male,39.16.76.31
347,Alvis,Cowpland,acowpland9m@europa.eu,Male,48.164.14.116
348,Pearl,Fanton,pfanton9n@amazon.de,Female,124.33.247.128
349,Alisander,Gyorffy,agyorffy9o@newyorker.com,Non-binary,97.190.188.98
350,Rob,Davitti,rdavitti9p@ow.ly,Male,204.153.14.167
351,Federico,Haddington,fhaddington9q@blogtalkradio.com,Male,164.237.73.131
352,Alberik,Christley,achristley9r@123-reg.co.uk,Male,68.7.177.200
353,Costanza,Lillgard,clillgard9s@baidu.com,Female,252.240.115.130
354,Loutitia,Gabala,lgabala9t@free.fr,Female,128.189.15.253
355,Hendrik,O' Faherty,hofaherty9u@time.com,Male,110.114.14.176
356,Hale,Braisted,hbraisted9v@newsvine.com,Polygender,207.4.57.135
357,Stearne,MacDunleavy,smacdunleavy9w@cornell.edu,Male,39.196.82.20
358,Alison,Beels,abeels9x@yelp.com,Female,231.160.21.232
359,Dela,Ruffli,druffli9y@ox.ac.uk,Female,76.39.146.247
360,Therine,Van't Hoff,tvanthoff9z@toplist.cz,Female,157.58.165.73
361,Andie,Holgan,aholgana0@jigsy.com,Male,159.169.255.136
362,Stanislas,Shearstone,sshearstonea1@webs.com,Male,169.170.188.11
363,Dar,Cordner,dcordnera2@dot.gov,Male,198.246.29.185
364,Fin,Blundel,fblundela3@bandcamp.com,Male,150.126.172.171
365,Hatti,Maylam,hmaylama4@nsw.gov.au,Female,19.182.71.171
366,Stearne,Morgans,smorgansa5@elegantthemes.com,Male,22.187.150.112
367,Marie-jeanne,Seger,msegera6@drupal.org,Female,154.94.52.24
368,Eustacia,Zumbusch,ezumbuscha7@cdbaby.com,Female,190.207.149.50
369,Marys,Van den Dael,mvandendaela8@seesaa.net,Female,61.12.160.202
370,Sheena,Walenta,swalentaa9@wikispaces.com,Female,59.26.179.69
371,Forrester,Jahnke,fjahnkeaa@xrea.com,Non-binary,211.47.38.214
372,Korry,Pauleit,kpauleitab@ameblo.jp,Female,89.247.145.175
373,Katha,Teodori,kteodoriac@time.com,Female,80.130.63.234
374,Tiena,Chadbourne,tchadbournead@a8.net,Female,64.156.193.242
375,Gwennie,Dearnaly,gdearnalyae@t-online.de,Female,210.35.166.77
376,Jessee,Calderbank,jcalderbankaf@europa.eu,Male,246.11.255.200
377,Hewe,Patria,hpatriaag@artisteer.com,Male,209.100.199.167
378,Darcie,Branchet,dbranchetah@weebly.com,Female,205.200.46.47
379,Anna-maria,Puttick,aputtickai@nba.com,Female,169.73.152.137
380,Daphene,Elman,delmanaj@joomla.org,Female,127.208.232.63
381,Jase,Icke,jickeak@webmd.com,Male,33.66.22.93
382,Perl,Durdle,pdurdleal@gizmodo.com,Female,167.226.96.55
383,Bud,Gommey,bgommeyam@fc2.com,Male,210.36.62.215
384,Linoel,Boughen,lboughenan@hugedomains.com,Male,70.247.156.242
385,Anica,Imloch,aimlochao@hhs.gov,Polygender,180.32.148.45
386,Amaleta,Currall,acurrallap@so-net.ne.jp,Female,158.156.227.99
387,Ara,Issatt,aissattaq@etsy.com,Male,142.202.34.231
388,Liv,Brisco,lbriscoar@arstechnica.com,Female,112.235.135.71
389,Tulley,Farahar,tfaraharas@nps.gov,Male,110.45.73.224
390,Truda,Borchardt,tborchardtat@seesaa.net,Female,235.117.158.141
391,Iosep,Grimsdith,igrimsdithau@adobe.com,Genderqueer,13.204.13.141
392,Corbet,Nairns,cnairnsav@elpais.com,Male,125.67.191.210
393,Gertrudis,Miskimmon,gmiskimmonaw@gnu.org,Female,133.15.246.198
394,Stace,Hess,shessax@usda.gov,Female,113.63.146.88
395,Dee dee,Minshaw,dminshaway@csmonitor.com,Female,112.237.31.215
396,Dody,Deeley,ddeeleyaz@admin.ch,Female,34.187.43.167
397,Dorena,Jancic,djancicb0@godaddy.com,Female,20.131.159.201
398,Orsa,Swadlinge,oswadlingeb1@domainmarket.com,Female,196.161.255.132
399,Lana,Goodlet,lgoodletb2@qq.com,Female,201.64.210.200
400,Saw,MacPadene,smacpadeneb3@list-manage.com,Male,96.155.22.65
401,Philippine,Challinor,pchallinorb4@unicef.org,Female,20.110.144.40
402,Garrot,Filby,gfilbyb5@ftc.gov,Male,253.82.133.146
403,Oren,Flatley,oflatleyb6@jiathis.com,Male,244.242.93.145
404,Victoria,Jaskiewicz,vjaskiewiczb7@hubpages.com,Female,7.97.201.25
405,Lillian,Pink,lpinkb8@unicef.org,Female,64.21.139.211
406,Guinna,McCallum,gmccallumb9@dagondesign.com,Female,34.185.227.194
407,Rolfe,Mandry,rmandryba@army.mil,Male,225.170.22.60
408,Arlen,Fryers,afryersbb@ed.gov,Genderqueer,127.188.14.144
409,Easter,Martins,emartinsbc@mail.ru,Polygender,192.167.149.235
410,Blondie,Armstead,barmsteadbd@cafepress.com,Female,248.23.3.195
411,Cher,Yesinin,cyesininbe@goo.ne.jp,Female,12.209.163.2
412,Guillaume,Wheelan,gwheelanbf@addtoany.com,Bigender,111.192.21.71
413,Janela,Lecordier,jlecordierbg@yahoo.com,Female,48.38.200.143
414,Glen,Bernot,gbernotbh@vk.com,Female,209.144.38.10
415,Leila,Stinchcombe,lstinchcombebi@nba.com,Female,170.1.203.55
416,Ginelle,Jeaneau,gjeaneaubj@nifty.com,Female,24.221.10.127
417,Neila,Badsworth,nbadsworthbk@zdnet.com,Female,206.200.152.31
418,Mitchell,O' Brian,mobrianbl@diigo.com,Genderfluid,4.110.243.223
419,Thornton,Lyes,tlyesbm@earthlink.net,Male,192.240.116.121
420,Sholom,Peyro,speyrobn@princeton.edu,Male,248.84.225.125
421,Hercule,Assad,hassadbo@redcross.org,Male,234.13.140.17
422,Antonio,Clausner,aclausnerbp@addtoany.com,Male,4.98.85.157
423,Steffane,Matusovsky,smatusovskybq@walmart.com,Female,218.71.204.71
424,Normy,Servant,nservantbr@indiegogo.com,Male,175.213.58.236
425,Roberto,Viscovi,rviscovibs@slate.com,Male,34.253.206.13
426,Spense,Goodger,sgoodgerbt@wp.com,Male,137.160.118.163
427,Dahlia,Barrowcliff,dbarrowcliffbu@kickstarter.com,Female,105.197.117.20
428,Maybelle,Tressler,mtresslerbv@mit.edu,Female,214.215.73.134
429,Hoyt,Barff,hbarffbw@chronoengine.com,Male,123.67.168.151
430,Caroline,Deniske,cdeniskebx@rediff.com,Female,73.172.200.120
431,Devin,Oliff,doliffby@pagesperso-orange.fr,Non-binary,220.87.11.213
432,Laurens,Dewdney,ldewdneybz@ucoz.com,Male,115.17.168.233
433,Obie,Gummary,ogummaryc0@bizjournals.com,Male,181.33.113.4
434,Gordan,Raith,graithc1@google.es,Male,227.82.55.12
435,Mandi,Silkston,msilkstonc2@over-blog.com,Female,183.110.68.117
436,Luella,Flement,lflementc3@arizona.edu,Female,42.52.195.34
437,Benedetta,Casson,bcassonc4@sina.com.cn,Genderqueer,7.9.64.198
438,Lannie,Alflat,lalflatc5@bravesites.com,Male,250.201.142.212
439,Lek,Housiaux,lhousiauxc6@parallels.com,Male,25.7.213.139
440,Lorrie,Neville,lnevillec7@mozilla.org,Male,94.157.144.172
441,Obediah,Liles,olilesc8@disqus.com,Male,124.189.25.70
442,Morgen,O'Boyle,moboylec9@adobe.com,Male,139.72.13.144
443,Nicholas,Wherry,nwherryca@ezinearticles.com,Male,55.177.212.153
444,Kelbee,Birchill,kbirchillcb@shareasale.com,Male,135.126.218.218
445,Leigha,Dieton,ldietoncc@skyrock.com,Female,220.202.82.109
446,Reina,Gantzer,rgantzercd@disqus.com,Female,75.168.55.149
447,Jenna,Welband,jwelbandce@pbs.org,Female,185.222.132.212
448,Catriona,Fordham,cfordhamcf@yahoo.co.jp,Female,57.125.90.102
449,Lyn,Dyment,ldymentcg@narod.ru,Female,83.122.74.234
450,Emmery,Novotne,enovotnech@pcworld.com,Male,227.252.255.160
451,Hedy,Seeviour,hseeviourci@ibm.com,Non-binary,47.189.179.37
452,Emmaline,Drysdall,edrysdallcj@illinois.edu,Female,49.202.184.113
453,Errick,Dorre,edorreck@wikimedia.org,Male,20.224.34.126
454,Tammie,Kennard,tkennardcl@nbcnews.com,Female,202.51.176.80
455,Floris,Iglesia,figlesiacm@issuu.com,Female,178.8.8.83
456,Arch,Bickardike,abickardikecn@independent.co.uk,Non-binary,175.115.212.119
457,Trumaine,Monday,tmondayco@mlb.com,Male,216.129.45.140
458,Phillis,Boater,pboatercp@stanford.edu,Female,51.139.8.240
459,Lisetta,Jemmett,ljemmettcq@google.com.br,Female,12.10.36.228
460,Harwell,Arntzen,harntzencr@mozilla.org,Male,29.140.70.250
461,Heindrick,Pickavance,hpickavancecs@archive.org,Male,94.58.123.20
462,Ruthy,Tollemache,rtollemachect@aboutads.info,Female,52.173.159.181
463,Janifer,Kidsley,jkidsleycu@live.com,Female,21.31.46.36
464,Frederigo,Bramwell,fbramwellcv@geocities.jp,Male,153.252.6.236
465,Jessalyn,Greenshields,jgreenshieldscw@mit.edu,Female,74.0.213.200
466,Blakelee,Woller,bwollercx@qq.com,Female,4.109.143.165
467,Isobel,Vasin,ivasincy@tinypic.com,Non-binary,206.241.219.94
468,Kevon,McCobb,kmccobbcz@photobucket.com,Agender,129.21.123.197
469,Vivi,Hembling,vhemblingd0@homestead.com,Female,200.94.235.19
470,Geoff,Ripley,gripleyd1@naver.com,Male,34.3.125.0
471,Cole,Minucci,cminuccid2@xing.com,Male,253.24.142.162
472,Lil,Maghull,lmaghulld3@telegraph.co.uk,Female,70.254.214.52
473,Massimo,Staneland,mstanelandd4@bravesites.com,Male,55.85.180.218
474,Emalee,Huxter,ehuxterd5@devhub.com,Female,250.108.140.16
475,Collete,Stubbes,cstubbesd6@upenn.edu,Female,192.208.90.250
476,Otho,Fisby,ofisbyd7@bloglines.com,Male,71.154.175.129
477,Erena,Broek,ebroekd8@zdnet.com,Polygender,3.128.82.124
478,Shaylah,Chifney,schifneyd9@freewebs.com,Female,125.228.186.227
479,Selig,Whisby,swhisbyda@netvibes.com,Male,149.152.179.149
480,Kenneth,Mellonby,kmellonbydb@photobucket.com,Male,142.40.59.41
481,Cinda,Currey,ccurreydc@npr.org,Female,77.236.51.1
482,Rollo,Keaysell,rkeayselldd@multiply.com,Male,236.119.37.80
483,Adelice,Worviell,aworviellde@bluehost.com,Agender,63.2.208.59
484,Fred,Pollock,fpollockdf@addthis.com,Male,240.52.57.102
485,Theo,Antosch,tantoschdg@apple.com,Female,71.222.140.89
486,Keelby,Camier,kcamierdh@cmu.edu,Male,254.26.247.105
487,Goraud,Brellin,gbrellindi@rambler.ru,Male,242.246.25.29
488,Adrianna,Prinn,aprinndj@indiatimes.com,Genderqueer,27.134.210.71
489,Leah,Conant,lconantdk@time.com,Female,50.152.249.80
490,Andrus,Stambridge,astambridgedl@ovh.net,Male,31.159.233.33
491,Rooney,Hollyland,rhollylanddm@indiegogo.com,Male,171.145.114.145
492,Berton,O'Mullaney,bomullaneydn@vinaora.com,Male,130.111.244.106
493,Arch,Giovannetti,agiovannettido@mediafire.com,Male,86.196.218.75
494,Charleen,Vasey,cvaseydp@fema.gov,Female,164.100.208.106
495,Elnar,Sodeau,esodeaudq@umich.edu,Male,188.67.189.211
496,Pammi,Tesmond,ptesmonddr@washingtonpost.com,Female,128.1.165.133
497,Ursulina,Knibbs,uknibbsds@prweb.com,Female,93.67.138.175
498,Morganne,Savage,msavagedt@spotify.com,Female,196.187.20.33
499,Pepito,Conquest,pconquestdu@istockphoto.com,Male,241.143.146.141
500,Blayne,Milne,bmilnedv@kickstarter.com,Male,192.106.154.178
501,Andria,Di Biasio,adibiasiodw@google.ca,Female,199.219.220.93
502,Selene,Nellis,snellisdx@census.gov,Female,154.238.219.204
503,Harlin,Fanthome,hfanthomedy@uiuc.edu,Male,123.120.16.48
504,Martita,Irce,mircedz@hatena.ne.jp,Female,94.178.241.84
505,Wynny,Millott,wmillotte0@dmoz.org,Female,131.141.36.106
506,Regen,Fairfoull,rfairfoulle1@hud.gov,Male,219.84.95.87
507,Rowney,Sweeten,rsweetene2@chicagotribune.com,Male,29.113.208.107
508,Minna,Hillam,mhillame3@eventbrite.com,Female,25.181.97.225
509,Delmer,Digg,ddigge4@nhs.uk,Male,102.176.59.199
510,Chelsey,Dummigan,cdummigane5@engadget.com,Female,244.100.156.216
511,Corina,Sloan,csloane6@abc.net.au,Female,111.135.129.123
512,Kristos,Hattigan,khattigane7@usgs.gov,Male,174.49.120.141
513,Dall,Kondratovich,dkondratoviche8@cocolog-nifty.com,Male,28.91.125.16
514,Julissa,Waterson,jwatersone9@yandex.ru,Female,32.226.7.43
515,Nichols,Setterington,nsetteringtonea@abc.net.au,Male,241.240.249.91
516,Trevar,Cromie,tcromieeb@chronoengine.com,Male,24.231.176.90
517,Shell,Thowless,sthowlessec@mozilla.org,Female,96.43.21.64
518,Jessie,Bickerdicke,jbickerdickeed@mac.com,Bigender,16.171.150.221
519,Lindy,Tripet,ltripetee@freewebs.com,Male,135.152.192.102
520,Denice,Precious,dpreciousef@theatlantic.com,Agender,160.233.58.170
521,Gibb,Samudio,gsamudioeg@is.gd,Male,123.82.226.242
522,Karry,Chupin,kchupineh@example.com,Female,219.13.148.219
523,Valaree,Kaser,vkaserei@geocities.com,Female,146.186.47.182
524,Pen,Downs,pdownsej@who.int,Female,54.191.119.240
525,Aldon,Myles,amylesek@pcworld.com,Male,159.127.134.71
526,Marielle,Lemar,mlemarel@woothemes.com,Female,33.70.115.41
527,Issi,Waple,iwapleem@nytimes.com,Female,102.213.156.124
528,Joey,Trays,jtraysen@theatlantic.com,Male,73.230.74.23
529,Wilton,Gyves,wgyveseo@moonfruit.com,Male,23.173.143.84
530,Eberto,MacGinlay,emacginlayep@arstechnica.com,Male,77.165.234.169
531,Paolina,McLelland,pmclellandeq@google.com,Female,225.200.155.92
532,Justin,Rings,jringser@intel.com,Male,34.47.217.147
533,Horatio,Lockhurst,hlockhurstes@stanford.edu,Male,219.54.210.207
534,Barnard,McNiff,bmcniffet@shareasale.com,Male,96.206.97.2
535,Robby,Yukhnev,ryukhneveu@redcross.org,Agender,97.174.74.93
536,Ettore,Lebond,elebondev@google.com.hk,Male,27.81.87.14
537,Winfield,Breeds,wbreedsew@parallels.com,Male,185.32.27.140
538,Wendell,McCrorie,wmccrorieex@usa.gov,Male,126.99.49.15
539,Bibi,Jedryka,bjedrykaey@blinklist.com,Genderqueer,218.220.92.246
540,Ruben,Lethbrig,rlethbrigez@mashable.com,Male,244.94.190.131
541,Cassondra,Yarrell,cyarrellf0@nifty.com,Female,94.202.40.58
542,Stephani,Brereton,sbreretonf1@tripod.com,Female,212.159.248.51
543,Adlai,Canti,acantif2@jalbum.net,Male,250.214.156.212
544,Blaire,Barradell,bbarradellf3@reference.com,Female,16.48.193.48
545,Gilda,Frawley,gfrawleyf4@latimes.com,Female,63.29.99.130
546,Benedikta,Jeffers,bjeffersf5@miibeian.gov.cn,Female,28.64.151.95
547,Jacenta,Kimmins,jkimminsf6@sphinn.com,Genderqueer,63.122.56.144
548,Durant,Spriggen,dspriggenf7@uol.com.br,Male,96.150.70.168
549,Vladimir,Cleugher,vcleugherf8@storify.com,Male,69.208.7.149
550,Herb,Paten,hpatenf9@mtv.com,Non-binary,53.148.135.59
551,Artemis,Postles,apostlesfa@yellowpages.com,Male,131.104.154.5
552,Grenville,Battey,gbatteyfb@soup.io,Agender,8.195.2.149
553,Puff,Molineaux,pmolineauxfc@pbs.org,Male,148.74.12.108
554,Cody,McGuirk,cmcguirkfd@sbwire.com,Female,50.108.110.16
555,Nariko,Allbon,nallbonfe@dagondesign.com,Female,125.158.191.20
556,Ernest,Macconachy,emacconachyff@businessweek.com,Male,2.185.230.38
557,Jennica,Rea,jreafg@barnesandnoble.com,Female,119.36.248.140
558,Quinta,Jendas,qjendasfh@odnoklassniki.ru,Female,103.191.181.235
559,Owen,Buckler,obucklerfi@china.com.cn,Male,128.231.112.33
560,Mendie,Craven,mcravenfj@flavors.me,Male,47.242.19.126
561,Vikki,Bramstom,vbramstomfk@google.pl,Female,149.22.243.229
562,Genovera,Neggrini,gneggrinifl@ebay.co.uk,Female,217.34.41.206
563,Nikki,Sambles,nsamblesfm@ihg.com,Male,82.118.35.143
564,Dov,Spatig,dspatigfn@dedecms.com,Male,59.92.191.137
565,Georgeta,Berka,gberkafo@usatoday.com,Female,20.25.231.159
566,Flo,Springthorp,fspringthorpfp@over-blog.com,Female,65.118.247.210
567,Jaine,Forshaw,jforshawfq@indiatimes.com,Polygender,145.65.49.228
568,Ragnar,Stanluck,rstanluckfr@hexun.com,Male,80.67.29.134
569,Dominique,Chritchlow,dchritchlowfs@reddit.com,Male,170.97.38.58
570,Deny,Vasilkov,dvasilkovft@cnbc.com,Female,118.255.32.135
571,Maje,Cubin,mcubinfu@shutterfly.com,Male,74.66.251.245
572,Brandais,Parley,bparleyfv@imdb.com,Female,5.91.249.123
573,Yorgos,Sooley,ysooleyfw@ameblo.jp,Male,20.207.247.50
574,Tiphanie,Costa,tcostafx@microsoft.com,Female,220.168.193.34
575,Berrie,Coston,bcostonfy@accuweather.com,Agender,57.100.185.109
576,Madison,Stonuary,mstonuaryfz@altervista.org,Male,11.67.190.50
577,Salomi,Norledge,snorledgeg0@simplemachines.org,Female,135.19.187.172
578,Clementine,Lumsdale,clumsdaleg1@un.org,Female,115.228.181.30
579,Hally,Wreakes,hwreakesg2@deliciousdays.com,Female,185.35.94.211
580,Pavia,Bleasdille,pbleasdilleg3@nhs.uk,Female,100.41.177.186
581,Gordy,Easey,geaseyg4@statcounter.com,Male,145.223.211.51
582,Fairleigh,Matisoff,fmatisoffg5@eventbrite.com,Male,136.40.197.231
583,Sibbie,Trighton,strightong6@reverbnation.com,Genderqueer,26.120.138.217
584,Krystal,Mutimer,kmutimerg7@nydailynews.com,Female,58.70.250.188
585,Myranda,Miettinen,mmiettineng8@cbslocal.com,Female,169.13.0.68
586,Dorolice,Jouandet,djouandetg9@sphinn.com,Female,4.228.7.18
587,Ive,Winston,iwinstonga@ebay.co.uk,Male,203.19.25.165
588,Mirabel,Durie,mduriegb@ocn.ne.jp,Female,95.99.57.12
589,Merlina,Klempke,mklempkegc@weather.com,Female,38.107.210.88
590,Harriett,Dobrovsky,hdobrovskygd@seesaa.net,Female,57.141.160.11
591,Kimberli,McRoberts,kmcrobertsge@ycombinator.com,Female,181.226.177.164
592,Evelyn,Dalwood,edalwoodgf@vkontakte.ru,Female,199.252.19.155
593,Ferdinanda,Paudin,fpaudingg@unblog.fr,Female,227.92.217.247
594,Cathi,McCord,cmccordgh@google.com.au,Female,127.136.4.123
595,Carlee,Harwin,charwingi@miibeian.gov.cn,Female,44.10.49.168
596,Carrol,Le Pruvost,clepruvostgj@dropbox.com,Male,6.9.17.146
597,Reeba,Pflieger,rpfliegergk@who.int,Female,120.181.212.250
598,Marcia,Folke,mfolkegl@google.co.uk,Female,116.101.242.242
599,Staford,Dyka,sdykagm@addthis.com,Male,74.80.112.234
600,Yule,Arnowitz,yarnowitzgn@omniture.com,Genderfluid,242.72.14.159
601,Emlyn,Spafford,espaffordgo@goo.gl,Female,34.108.102.228
602,Irita,Jarad,ijaradgp@cnn.com,Female,88.115.203.212
603,Lebbie,Carnew,lcarnewgq@sakura.ne.jp,Female,232.213.170.176
604,Lainey,Owtram,lowtramgr@home.pl,Female,237.52.220.194
605,Sal,Criple,scriplegs@businessinsider.com,Male,72.67.135.245
606,Myrtie,Foyster,mfoystergt@cbslocal.com,Female,141.216.34.178
607,Sela,Sancho,ssanchogu@google.pl,Female,84.87.27.184
608,Eadmund,Juares,ejuaresgv@tuttocitta.it,Male,122.249.105.63
609,Fanni,McGregor,fmcgregorgw@washington.edu,Female,135.13.72.248
610,Justinn,Tunesi,jtunesigx@smh.com.au,Female,182.221.67.243
611,Steven,Dobrowlski,sdobrowlskigy@reference.com,Male,243.48.110.39
612,Michell,Veltman,mveltmangz@umn.edu,Female,28.124.76.160
613,Christophorus,Alishoner,calishonerh0@jalbum.net,Polygender,123.77.47.31
614,Bradney,Purrier,bpurrierh1@wikipedia.org,Male,99.220.44.200
615,Livvy,Zebedee,lzebedeeh2@cornell.edu,Female,94.110.68.177
616,Bennie,Rummins,brumminsh3@yellowbook.com,Female,215.162.109.21
617,Robbi,Giraldon,rgiraldonh4@auda.org.au,Female,216.228.26.9
618,Orson,Rushman,orushmanh5@google.com,Agender,108.36.44.72
619,Whitman,Izzard,wizzardh6@cdbaby.com,Male,23.26.74.43
620,Margarette,Heustace,mheustaceh7@nationalgeographic.com,Female,179.103.122.214
621,Demetris,Mangham,dmanghamh8@cnbc.com,Male,183.186.9.150
622,Dexter,McSweeney,dmcsweeneyh9@google.fr,Male,48.150.205.216
623,Erich,Oen,eoenha@eepurl.com,Male,46.79.107.57
624,Anthea,Ariss,aarisshb@imgur.com,Female,52.182.59.225
625,Lanie,Yokley,lyokleyhc@aol.com,Male,161.51.10.123
626,Elwin,Pedrocchi,epedrocchihd@arstechnica.com,Male,128.101.184.166
627,Curtis,Glew,cglewhe@ameblo.jp,Male,215.230.148.92
628,Jodie,Dixie,jdixiehf@zimbio.com,Female,50.160.49.216
629,Kipper,Tocqueville,ktocquevillehg@slate.com,Male,104.94.181.186
630,Rebeca,Eichmann,reichmannhh@dyndns.org,Female,178.250.115.20
631,Irvin,Weldrake,iweldrakehi@china.com.cn,Male,223.106.236.73
632,Sanford,Shanahan,sshanahanhj@sohu.com,Male,118.172.78.157
633,Townsend,Siddeley,tsiddeleyhk@google.com,Male,207.96.73.249
634,Hurley,Walklate,hwalklatehl@cafepress.com,Male,29.183.231.113
635,Inglis,Simecek,isimecekhm@gmpg.org,Male,21.255.163.186
636,Flint,Cano,fcanohn@slashdot.org,Male,127.80.210.195
637,Floria,Yorke,fyorkeho@technorati.com,Female,184.89.163.129
638,Cheri,Lober,cloberhp@nsw.gov.au,Female,212.56.241.194
639,Morgen,Casale,mcasalehq@youku.com,Male,149.241.233.68
640,Merrill,Andrus,mandrushr@un.org,Male,97.198.161.51
641,Wyn,Gaines,wgaineshs@senate.gov,Male,95.6.112.201
642,Jade,Eaton,jeatonht@harvard.edu,Female,46.60.122.38
643,Jazmin,Bischoff,jbischoffhu@nps.gov,Female,34.106.45.86
644,Ivan,Gouldie,igouldiehv@slashdot.org,Polygender,75.233.7.74
645,Terrance,Klement,tklementhw@oaic.gov.au,Non-binary,134.97.137.102
646,Filberto,Sleeny,fsleenyhx@phoca.cz,Male,247.36.176.154
647,Gerianne,Dumberell,gdumberellhy@photobucket.com,Female,248.18.128.195
648,Putnem,Bogie,pbogiehz@ft.com,Male,139.76.222.147
649,Fayina,Passingham,fpassinghami0@irs.gov,Female,250.137.187.202
650,Feodor,Camelli,fcamellii1@harvard.edu,Male,180.149.189.98
651,Chickie,Wedmore.,cwedmorei2@ed.gov,Male,236.66.46.43
652,Desdemona,Armin,darmini3@goo.gl,Female,124.206.3.25
653,Cosmo,Eaves,ceavesi4@java.com,Male,121.120.167.139
654,Tiffi,Wilcot,twilcoti5@economist.com,Female,183.207.235.34
655,Danella,Samber,dsamberi6@tiny.cc,Female,200.245.37.47
656,Moshe,Boshard,mboshardi7@quantcast.com,Male,36.82.162.53
657,Craggy,Duffit,cduffiti8@noaa.gov,Male,86.88.103.232
658,Abner,Brick,abricki9@typepad.com,Male,116.123.246.228
659,Debera,Melato,dmelatoia@wordpress.org,Female,240.72.137.247
660,Selestina,Pashen,spashenib@domainmarket.com,Female,221.41.6.252
661,Ursuline,Trusty,utrustyic@weather.com,Female,126.219.26.249
662,Elonore,Power,epowerid@kickstarter.com,Female,138.230.239.172
663,Nealson,Longfut,nlongfutie@sciencedaily.com,Male,96.14.81.229
664,Dunc,Fewlass,dfewlassif@google.com.au,Male,48.157.140.77
665,Rafaela,Brachell,rbrachellig@artisteer.com,Female,106.20.221.40
666,Tana,Bennike,tbennikeih@jiathis.com,Genderqueer,220.16.17.195
667,Ginni,Shrawley,gshrawleyii@dion.ne.jp,Female,90.3.17.226
668,Peyter,Aukland,pauklandij@google.de,Male,202.202.28.88
669,Sigrid,Loding,slodingik@cargocollective.com,Female,103.176.201.47
670,Sissie,Critzen,scritzenil@spotify.com,Female,1.3.208.145
671,Aldric,Salerno,asalernoim@google.it,Male,201.54.141.115
672,Mady,Rospars,mrosparsin@jigsy.com,Female,89.58.169.140
673,Oralia,Walworth,owalworthio@diigo.com,Female,130.117.83.226
674,Fielding,Hemmingway,fhemmingwayip@businessweek.com,Male,236.250.155.255
675,Garey,Norcross,gnorcrossiq@washington.edu,Male,29.42.148.6
676,Norbert,Kennady,nkennadyir@comsenz.com,Male,156.196.5.124
677,Gualterio,Brownhall,gbrownhallis@ning.com,Male,115.218.135.254
678,Arin,Eustace,aeustaceit@yahoo.co.jp,Male,66.236.139.90
679,Nonna,Dodgshon,ndodgshoniu@over-blog.com,Female,124.219.76.116
680,Christy,Buckenhill,cbuckenhilliv@nba.com,Male,160.41.70.248
681,Hervey,Stewart,hstewartiw@blogspot.com,Male,12.148.173.22
682,Jamil,Salterne,jsalterneix@amazon.co.jp,Male,76.126.125.146
683,Jermayne,Toffetto,jtoffettoiy@blogtalkradio.com,Genderqueer,146.196.2.218
684,Patricia,Mothersdale,pmothersdaleiz@mapy.cz,Female,249.71.125.249
685,Yetta,Mulran,ymulranj0@cargocollective.com,Female,147.164.19.204
686,Lian,Rockingham,lrockinghamj1@shinystat.com,Female,230.112.240.142
687,Nancey,Burnip,nburnipj2@unicef.org,Female,5.156.136.60
688,Prudi,Sante,psantej3@freewebs.com,Polygender,35.203.83.2
689,Cherie,Hannon,channonj4@shareasale.com,Genderfluid,219.50.66.203
690,Aretha,Galley,agalleyj5@barnesandnoble.com,Female,60.108.249.11
691,Amye,Bener,abenerj6@dedecms.com,Polygender,201.242.79.237
692,Lorenzo,Trubshaw,ltrubshawj7@army.mil,Male,142.30.50.248
693,Chiarra,Scrivener,cscrivenerj8@zimbio.com,Female,255.27.253.5
694,Gayler,Maltby,gmaltbyj9@mediafire.com,Male,251.112.71.220
695,Killy,Soule,ksouleja@rakuten.co.jp,Male,37.160.197.25
696,Ronnica,Searson,rsearsonjb@ox.ac.uk,Bigender,76.98.24.70
697,Dorey,Swateridge,dswateridgejc@shareasale.com,Female,183.98.102.212
698,Berti,Giffard,bgiffardjd@google.co.uk,Male,109.93.18.222
699,Aldridge,Featherstonhaugh,afeatherstonhaughje@addtoany.com,Male,96.107.248.232
700,Konstanze,Melluish,kmelluishjf@microsoft.com,Female,139.5.50.39
701,Sinclare,Maddrell,smaddrelljg@nba.com,Male,234.45.107.56
702,Sarajane,Roust,sroustjh@ox.ac.uk,Female,62.122.192.225
703,Darrelle,McWhannel,dmcwhannelji@t.co,Polygender,2.114.149.72
704,Yuri,Taylorson,ytaylorsonjj@dropbox.com,Agender,208.228.91.65
705,Wallie,Jolin,wjolinjk@disqus.com,Female,202.150.71.89
706,Priscella,MacAvddy,pmacavddyjl@parallels.com,Female,2.143.245.58
707,Cathi,Ivanishev,civanishevjm@wiley.com,Female,222.102.134.85
708,Gwendolin,Scardifeild,gscardifeildjn@rediff.com,Female,44.38.112.26
709,Ruben,Niece,rniecejo@github.io,Male,137.53.11.44
710,Jone,Westfield,jwestfieldjp@cafepress.com,Male,167.20.57.191
711,Birgit,Olivello,bolivellojq@discovery.com,Female,61.161.156.155
712,Ibrahim,Pechell,ipechelljr@rediff.com,Male,15.39.206.100
713,Lynn,Templman,ltemplmanjs@clickbank.net,Male,216.53.252.184
714,Susette,McGhie,smcghiejt@cargocollective.com,Female,157.175.61.25
715,Reina,Malicki,rmalickiju@dedecms.com,Female,66.68.68.180
716,Cathi,Piscot,cpiscotjv@china.com.cn,Bigender,223.176.169.173
717,Kass,Pritchitt,kpritchittjw@hud.gov,Female,42.73.211.219
718,Eydie,Brydie,ebrydiejx@msu.edu,Female,152.34.160.206
719,Meggie,Egre,megrejy@jiathis.com,Female,18.184.140.250
720,Avis,Daleman,adalemanjz@prnewswire.com,Agender,140.27.83.112
721,Kendra,Sherreard,ksherreardk0@pen.io,Bigender,146.105.220.162
722,Adolphus,Labbe,alabbek1@economist.com,Male,115.20.190.51
723,Curtis,Shepland,csheplandk2@usgs.gov,Male,212.125.222.48
724,Rickie,Garvan,rgarvank3@myspace.com,Polygender,226.214.76.112
725,Donavon,Dumpleton,ddumpletonk4@wufoo.com,Male,15.67.52.71
726,Val,Python,vpythonk5@ted.com,Male,100.57.235.65
727,Murdock,Pau,mpauk6@t-online.de,Male,187.44.226.165
728,Nonie,Jakoubek,njakoubekk7@wordpress.org,Female,171.50.84.169
729,Sandi,Ludwell,sludwellk8@blogs.com,Female,88.72.178.50
730,Halsy,Fidock,hfidockk9@mysql.com,Male,158.68.70.197
731,Roobbie,Wackly,rwacklyka@mashable.com,Female,162.150.47.198
732,Terrell,Folkerts,tfolkertskb@rediff.com,Male,52.223.115.192
733,Sylas,Kerrey,skerreykc@discuz.net,Male,56.196.48.233
734,Pooh,Zanni,pzannikd@tripod.com,Male,200.9.224.151
735,Patrica,Shapira,pshapirake@sourceforge.net,Female,221.195.28.33
736,Bartlet,Hamshaw,bhamshawkf@sohu.com,Polygender,154.242.201.244
737,Adlai,Coghlan,acoghlankg@aol.com,Male,230.53.129.57
738,Dante,Thorburn,dthorburnkh@nymag.com,Male,250.239.86.43
739,Igor,Siseland,isiselandki@rediff.com,Male,188.254.31.184
740,Arnie,Fawdrie,afawdriekj@senate.gov,Genderqueer,44.33.47.120
741,Patricia,Redbourn,predbournkk@issuu.com,Female,224.46.157.118
742,Tabbatha,Breen,tbreenkl@answers.com,Female,147.97.37.95
743,Bill,MacGorrie,bmacgorriekm@furl.net,Male,71.74.42.223
744,Ryon,Waiton,rwaitonkn@chronoengine.com,Male,25.24.97.48
745,Vasily,Karpfen,vkarpfenko@tmall.com,Male,159.241.34.5
746,Koressa,Meert,kmeertkp@businessweek.com,Female,230.173.210.108
747,Vannie,Edmenson,vedmensonkq@sciencedaily.com,Non-binary,175.208.171.87
748,Tracie,Munn,tmunnkr@gizmodo.com,Agender,220.89.184.218
749,Alberik,Edgley,aedgleyks@usa.gov,Male,65.22.124.43
750,Giulietta,Milbank,gmilbankkt@spiegel.de,Female,39.235.149.233
751,Thayne,Middle,tmiddleku@epa.gov,Male,185.39.129.58
752,Wildon,Rickwood,wrickwoodkv@devhub.com,Male,7.12.26.215
753,Guthry,Lars,glarskw@unicef.org,Genderqueer,49.61.26.165
754,Benoite,Spillard,bspillardkx@digg.com,Genderfluid,44.128.152.114
755,Mohandis,Kitchingham,mkitchinghamky@jimdo.com,Male,105.75.194.129
756,Dov,Cardoso,dcardosokz@state.gov,Male,220.156.240.169
757,Cordell,Entreis,centreisl0@boston.com,Male,116.248.38.85
758,Evangelina,Fedoronko,efedoronkol1@tinyurl.com,Female,108.48.61.98
759,Goldarina,Cossum,gcossuml2@drupal.org,Female,219.151.89.141
760,Verne,Cejka,vcejkal3@ebay.com,Male,200.118.168.247
761,Bellina,Chsteney,bchsteneyl4@g.co,Female,113.164.210.163
762,Nickolai,Eltun,neltunl5@apache.org,Male,183.119.24.200
763,Chrissie,Vearncomb,cvearncombl6@etsy.com,Male,142.129.161.72
764,Sibley,Deeprose,sdeeprosel7@4shared.com,Female,232.71.198.71
765,Yank,Luckwell,yluckwelll8@odnoklassniki.ru,Male,186.111.108.197
766,Iorgos,Bogeys,ibogeysl9@bloglovin.com,Male,167.221.89.161
767,Andromache,Creasy,acreasyla@infoseek.co.jp,Female,238.106.131.47
768,Conrad,Fowlie,cfowlielb@phoca.cz,Genderqueer,29.44.115.114
769,Nissie,Ewins,newinslc@qq.com,Female,254.130.51.76
770,Maryanne,Othen,mothenld@trellian.com,Female,23.63.132.190
771,Nap,Maben,nmabenle@moonfruit.com,Male,7.251.94.72
772,Graig,Anderer,gandererlf@shinystat.com,Male,214.191.50.61
773,Gloria,Sowersby,gsowersbylg@newyorker.com,Female,93.106.206.146
774,D'arcy,Sute,dsutelh@prweb.com,Male,69.219.166.0
775,Avigdor,St. Hill,asthillli@msn.com,Male,15.82.13.44
776,Logan,Gooly,lgoolylj@woothemes.com,Genderfluid,123.21.122.95
777,Sonnie,Dresche,sdreschelk@blog.com,Female,167.117.103.86
778,Chaunce,Acuna,cacunall@histats.com,Male,201.119.84.133
779,Casi,Gendrich,cgendrichlm@addtoany.com,Female,45.105.72.124
780,Elsey,Tackes,etackesln@rambler.ru,Female,232.83.50.153
781,Gretel,Dumigan,gdumiganlo@booking.com,Female,201.248.159.0
782,Dehlia,Lilford,dlilfordlp@state.gov,Female,162.2.96.87
783,Viv,Aspy,vaspylq@wired.com,Polygender,184.235.106.102
784,Gualterio,Corderoy,gcorderoylr@apache.org,Male,40.95.61.226
785,Emelda,Spurnier,espurnierls@discovery.com,Female,88.124.46.64
786,Zacherie,Tester,ztesterlt@multiply.com,Male,187.86.253.138
787,Dannye,Shorton,dshortonlu@symantec.com,Female,54.161.16.96
788,Rhett,Caneo,rcaneolv@sitemeter.com,Male,13.66.197.141
789,Rockwell,De Benedetti,rdebenedettilw@ifeng.com,Male,82.23.191.122
790,Heriberto,Loble,hloblelx@discovery.com,Bigender,242.76.94.166
791,Jule,Muir,jmuirly@meetup.com,Male,116.117.86.234
792,Eduino,Muspratt,emusprattlz@comsenz.com,Male,80.100.5.185
793,Charlton,Roll,crollm0@irs.gov,Male,222.144.72.53
794,Lynnell,Goldman,lgoldmanm1@nature.com,Female,86.251.47.80
795,Andres,Harkes,aharkesm2@amazon.co.uk,Male,214.43.102.206
796,Lin,Signori,lsignorim3@wunderground.com,Female,205.132.108.42
797,Ursula,Gell,ugellm4@reverbnation.com,Female,202.76.236.205
798,Davidde,Steade,dsteadem5@ucla.edu,Male,89.209.93.189
799,Tailor,Braden,tbradenm6@ezinearticles.com,Male,112.51.21.11
800,Loretta,Roobottom,lroobottomm7@upenn.edu,Polygender,140.30.167.247
801,Coreen,Bantock,cbantockm8@nba.com,Female,192.174.233.97
802,Padraic,Rembrandt,prembrandtm9@slashdot.org,Male,146.158.180.210
803,Cris,McCarthy,cmccarthyma@timesonline.co.uk,Male,144.0.236.174
804,Bil,Dennehy,bdennehymb@desdev.cn,Non-binary,51.188.165.65
805,Vinnie,Sorensen,vsorensenmc@twitpic.com,Female,119.240.94.101
806,Antone,Crosetti,acrosettimd@slashdot.org,Male,176.55.59.207
807,Courtney,Litel,clitelme@whitehouse.gov,Female,21.234.123.33
808,Cyrille,Ellicott,cellicottmf@usnews.com,Male,200.206.35.236
809,Shawnee,Buckoke,sbuckokemg@sbwire.com,Genderfluid,8.75.218.77
810,Garrot,Kither,gkithermh@ftc.gov,Male,36.153.174.228
811,Cortie,Gradwell,cgradwellmi@baidu.com,Bigender,137.72.235.118
812,Willis,O'Hickee,wohickeemj@deliciousdays.com,Male,234.87.245.237
813,Amos,Durbyn,adurbynmk@oaic.gov.au,Male,219.167.194.12
814,Coral,Moors,cmoorsml@discovery.com,Female,40.87.118.160
815,Jeralee,De Cruce,jdecrucemm@mapy.cz,Female,92.104.238.11
816,Nickie,Valerio,nvaleriomn@woothemes.com,Male,230.203.90.246
817,Caterina,Belfrage,cbelfragemo@cocolog-nifty.com,Female,116.161.144.72
818,Ericha,De Normanville,edenormanvillemp@cornell.edu,Female,139.195.217.156
819,Brendon,MacCaig,bmaccaigmq@dell.com,Male,117.232.73.79
820,Mariquilla,Tomicki,mtomickimr@surveymonkey.com,Female,77.76.85.107
821,Storm,McBeith,smcbeithms@redcross.org,Female,179.236.72.238
822,Joyan,Gaul,jgaulmt@mlb.com,Female,88.46.129.50
823,Cyrille,Caskey,ccaskeymu@yellowbook.com,Male,206.176.251.168
824,Royal,O'Brian,robrianmv@ifeng.com,Male,106.62.36.149
825,Lorianna,Mailey,lmaileymw@marriott.com,Female,179.84.87.246
826,Eran,Fearnyhough,efearnyhoughmx@jiathis.com,Female,150.127.195.19
827,Mal,Eyeington,meyeingtonmy@surveymonkey.com,Male,111.250.234.110
828,Creigh,Kullmann,ckullmannmz@lulu.com,Non-binary,30.2.121.26
829,Evelyn,Tomaskov,etomaskovn0@un.org,Female,113.205.13.79
830,Carine,Zecchini,czecchinin1@youtu.be,Female,136.12.73.162
831,Kinnie,Scothern,kscothernn2@163.com,Male,44.87.22.83
832,Bonnie,Gallardo,bgallardon3@arstechnica.com,Female,207.119.66.78
833,Berton,Sherrard,bsherrardn4@mit.edu,Male,154.207.211.39
834,Joella,Fransman,jfransmann5@auda.org.au,Female,202.192.123.92
835,Lexy,Goodbur,lgoodburn6@mayoclinic.com,Female,92.79.17.250
836,Friedrick,Cissen,fcissenn7@independent.co.uk,Male,124.150.43.225
837,Jordan,Rablan,jrablann8@mayoclinic.com,Male,18.25.75.146
838,Turner,Flook,tflookn9@cyberchimps.com,Male,182.229.181.136
839,Gannon,Prothero,gprotherona@tuttocitta.it,Male,194.161.220.246
840,Randall,Busfield,rbusfieldnb@sbwire.com,Male,159.235.121.127
841,Pamelina,Claworth,pclaworthnc@trellian.com,Female,133.36.160.103
842,Jeannette,Tenbrug,jtenbrugnd@google.co.uk,Female,8.171.80.211
843,Shay,Knewstub,sknewstubne@xinhuanet.com,Male,199.150.161.66
844,Moore,McGloughlin,mmcgloughlinnf@vkontakte.ru,Male,65.79.179.208
845,Edan,Steutly,esteutlyng@blogs.com,Male,83.108.242.22
846,Arlen,Bath,abathnh@dailymail.co.uk,Female,121.88.97.39
847,Theodora,Sowte,tsowteni@disqus.com,Female,246.198.86.175
848,Opal,Laroux,olarouxnj@wikia.com,Polygender,172.100.103.149
849,Carol,Roundtree,croundtreenk@si.edu,Female,250.140.20.95
850,Torrey,Benitez,tbeniteznl@mapy.cz,Male,111.188.50.216
851,Dagmar,Schulken,dschulkennm@shareasale.com,Genderfluid,215.53.246.143
852,Jarrid,Latchford,jlatchfordnn@dedecms.com,Male,185.251.15.100
853,Elianore,Sainteau,esainteauno@epa.gov,Female,120.141.55.102
854,Philipa,Dakin,pdakinnp@usda.gov,Female,74.125.158.28
855,Ruthie,Drysdall,rdrysdallnq@sakura.ne.jp,Female,234.130.206.178
856,Bronson,Rizzardi,brizzardinr@gizmodo.com,Male,121.145.95.172
857,Noah,Charker,ncharkerns@latimes.com,Male,137.151.225.73
858,Joanna,Elce,jelcent@soundcloud.com,Female,91.134.98.136
859,Brigitte,Duling,bdulingnu@typepad.com,Female,122.181.234.54
860,Lorry,Boakes,lboakesnv@histats.com,Male,209.66.184.184
861,Xena,Kenwood,xkenwoodnw@icio.us,Female,44.59.50.66
862,Chrissy,Hadlington,chadlingtonnx@deviantart.com,Agender,120.165.204.91
863,Davine,Nerney,dnerneyny@nyu.edu,Female,45.59.42.233
864,Tibold,Rankine,trankinenz@ucoz.ru,Male,173.100.27.135
865,Inglebert,Overell,ioverello0@nyu.edu,Male,149.72.79.223
866,Allina,Keaveny,akeavenyo1@psu.edu,Female,96.63.105.87
867,Onfroi,Lorent,olorento2@opensource.org,Male,190.151.132.248
868,Rozella,Kilbourn,rkilbourno3@myspace.com,Female,109.145.131.104
869,Malvin,Tison,mtisono4@dedecms.com,Male,107.142.209.184
870,Kathlin,Cutajar,kcutajaro5@si.edu,Female,43.227.197.182
871,Palm,Jendrys,pjendryso6@ox.ac.uk,Male,155.33.155.122
872,Amargo,Hughill,ahughillo7@stanford.edu,Female,210.142.133.110
873,Ulrike,Lambol,ulambolo8@skyrock.com,Female,35.200.9.180
874,Currie,Pikesley,cpikesleyo9@mysql.com,Male,148.216.154.43
875,Candy,Hartles,chartlesoa@google.cn,Female,29.184.131.215
876,Vyky,Trudgian,vtrudgianob@house.gov,Female,254.118.136.224
877,Orsola,McKenzie,omckenzieoc@bizjournals.com,Female,115.60.34.137
878,Marven,Skelly,mskellyod@ox.ac.uk,Male,133.136.172.56
879,Ree,Whitebread,rwhitebreadoe@studiopress.com,Female,173.68.13.37
880,Sissie,Filimore,sfilimoreof@sun.com,Female,227.80.3.96
881,Vivien,Shippey,vshippeyog@aboutads.info,Female,217.230.218.226
882,Elbertine,Cuniam,ecuniamoh@nhs.uk,Female,242.1.228.193
883,Worthy,Starbuck,wstarbuckoi@ucoz.ru,Male,184.76.164.134
884,Theodoric,Dearl,tdearloj@youku.com,Male,199.193.158.212
885,Andrew,Culp,aculpok@bizjournals.com,Male,32.88.230.143
886,Carmelia,Batchelder,cbatchelderol@nyu.edu,Female,7.136.86.254
887,Anabel,Polsin,apolsinom@patch.com,Female,220.9.141.96
888,Buddy,Asquith,basquithon@google.com.hk,Male,110.29.125.179
889,Kain,Simondson,ksimondsonoo@house.gov,Male,245.216.229.1
890,Bernhard,Acres,bacresop@ucsd.edu,Male,122.15.161.250
891,Maje,Quinion,mquinionoq@opera.com,Male,173.19.109.149
892,Franz,Choppen,fchoppenor@cocolog-nifty.com,Male,227.235.212.106
893,Deidre,Sharpus,dsharpusos@arstechnica.com,Female,119.247.145.20
894,Grannie,Cordova,gcordovaot@instagram.com,Male,230.205.21.233
895,Thom,Klimkovich,tklimkovichou@wufoo.com,Male,76.243.14.112
896,Nicko,Arndt,narndtov@jugem.jp,Male,14.142.84.77
897,Perry,Dinis,pdinisow@earthlink.net,Female,241.203.154.28
898,Valentino,Terzo,vterzoox@phoca.cz,Male,27.70.14.125
899,Rona,Jayume,rjayumeoy@sphinn.com,Female,105.230.122.34
900,Victoir,Colquhoun,vcolquhounoz@virginia.edu,Male,165.169.153.81
901,Patti,Comberbach,pcomberbachp0@wiley.com,Female,99.187.203.13
902,Mimi,Raggatt,mraggattp1@biglobe.ne.jp,Female,111.143.84.246
903,Rogers,Bibbie,rbibbiep2@virginia.edu,Polygender,122.123.7.154
904,Tabbie,Saice,tsaicep3@imageshack.us,Female,66.10.98.99
905,Irvin,Craister,icraisterp4@barnesandnoble.com,Male,186.76.76.133
906,Ofelia,Challens,ochallensp5@uiuc.edu,Female,2.114.177.46
907,Tristan,Burgwin,tburgwinp6@opensource.org,Male,211.137.139.68
908,Cathlene,Semiraz,csemirazp7@privacy.gov.au,Female,154.107.113.37
909,Jeni,Wyatt,jwyattp8@jalbum.net,Female,74.163.241.145
910,Jessie,Vogel,jvogelp9@1688.com,Agender,160.125.47.86
911,Salim,Sermin,sserminpa@mit.edu,Male,58.92.158.234
912,Cass,Billingsley,cbillingsleypb@sphinn.com,Female,16.66.76.69
913,Fiorenze,Chimienti,fchimientipc@skype.com,Female,46.119.22.168
914,Vincenz,Whyard,vwhyardpd@creativecommons.org,Male,70.135.38.150
915,Silvana,Lissett,slissettpe@yahoo.co.jp,Female,209.244.251.173
916,Mandi,Gabrieli,mgabrielipf@army.mil,Female,22.180.146.181
917,Venus,Trussler,vtrusslerpg@simplemachines.org,Female,242.56.93.153
918,Clemence,Burnapp,cburnappph@de.vu,Female,203.254.185.45
919,Courtney,Shay,cshaypi@nifty.com,Female,154.136.92.29
920,Vincents,Simonetti,vsimonettipj@sun.com,Male,243.170.183.221
921,Gino,Josskowitz,gjosskowitzpk@wiley.com,Male,38.115.116.159
922,Jacklyn,Lindeman,jlindemanpl@nature.com,Female,8.187.159.24
923,Sasha,Ulster,sulsterpm@discovery.com,Male,189.181.85.225
924,Timothy,Lomasny,tlomasnypn@spotify.com,Male,20.3.251.18
925,Aile,Seaking,aseakingpo@paginegialle.it,Female,94.216.120.226
926,Iorgos,Caghy,icaghypp@who.int,Male,3.134.45.204
927,Michel,Petrik,mpetrikpq@wsj.com,Male,223.91.13.11
928,Arte,Fuzzard,afuzzardpr@microsoft.com,Male,201.88.41.47
929,Matilde,Plascott,mplascottps@ucla.edu,Female,99.241.70.57
930,Alla,Aronsohn,aaronsohnpt@skyrock.com,Female,164.1.152.14
931,Nona,Castaner,ncastanerpu@loc.gov,Female,120.15.193.73
932,Berty,Chamley,bchamleypv@engadget.com,Female,122.107.153.212
933,Duane,Heisman,dheismanpw@123-reg.co.uk,Male,33.37.73.109
934,Fanni,Krebs,fkrebspx@macromedia.com,Female,202.132.217.245
935,Townsend,Mewis,tmewispy@gov.uk,Agender,7.127.98.165
936,Heinrick,Dutch,hdutchpz@hugedomains.com,Genderfluid,20.82.186.144
937,Livia,L'Episcopi,llepiscopiq0@discuz.net,Female,4.228.139.142
938,Avivah,Minchella,aminchellaq1@google.com,Female,106.188.20.110
939,Micah,Dabnor,mdabnorq2@bloglines.com,Male,44.36.201.66
940,Daven,Knoles,dknolesq3@dot.gov,Male,246.25.52.128
941,Burg,Kleinfeld,bkleinfeldq4@vimeo.com,Male,255.92.102.139
942,Lily,Treneer,ltreneerq5@gov.uk,Female,15.199.233.196
943,Chastity,Shekle,cshekleq6@clickbank.net,Female,116.75.212.181
944,Dagny,Bedding,dbeddingq7@ifeng.com,Male,60.205.196.106
945,Giacopo,Sawrey,gsawreyq8@constantcontact.com,Male,97.236.22.63
946,Petr,Lorincz,plorinczq9@slate.com,Male,103.206.171.234
947,Chester,Blevin,cblevinqa@skype.com,Male,59.156.238.193
948,Hagen,Farge,hfargeqb@reddit.com,Male,163.222.92.142
949,Cyb,Domney,cdomneyqc@miitbeian.gov.cn,Female,170.83.204.198
950,Valeria,Michelin,vmichelinqd@a8.net,Female,117.155.79.91
951,Goddart,Pretious,gpretiousqe@jiathis.com,Male,183.229.161.247
952,Marshall,Midgely,mmidgelyqf@github.com,Male,76.194.24.227
953,Wilone,Boldry,wboldryqg@parallels.com,Female,3.9.240.44
954,Beret,Reoch,breochqh@lycos.com,Female,197.91.99.228
955,Cassie,Pfeffer,cpfefferqi@usatoday.com,Male,141.57.167.65
956,Hildy,Epdell,hepdellqj@ask.com,Female,54.235.195.69
957,Ruthy,Berthouloume,rberthouloumeqk@google.nl,Female,87.101.7.179
958,Lilias,Drillingcourt,ldrillingcourtql@timesonline.co.uk,Non-binary,88.52.105.155
959,Lucy,Redon,lredonqm@mtv.com,Female,180.232.161.40
960,Domenico,Crumbie,dcrumbieqn@scribd.com,Male,14.30.164.19
961,Earlie,Goosnell,egoosnellqo@canalblog.com,Male,216.77.157.173
962,Geralda,Morgan,gmorganqp@bing.com,Non-binary,200.229.38.161
963,Penelope,Rickardes,prickardesqq@freewebs.com,Female,149.81.230.166
964,Rosana,Grey,rgreyqr@wix.com,Female,126.73.54.77
965,Gerrie,Aitken,gaitkenqs@github.com,Female,114.184.98.197
966,Flin,Whitebread,fwhitebreadqt@deviantart.com,Male,210.32.242.28
967,Mycah,Dust,mdustqu@microsoft.com,Male,204.111.198.86
968,Lennie,Bruinemann,lbruinemannqv@google.nl,Male,5.100.74.78
969,Ermin,Postill,epostillqw@dyndns.org,Male,17.162.51.125
970,Adrien,Cumbridge,acumbridgeqx@theguardian.com,Male,201.107.222.184
971,Francene,Josilevich,fjosilevichqy@examiner.com,Genderqueer,235.23.246.237
972,Bil,Quelch,bquelchqz@smugmug.com,Male,48.115.230.175
973,Bayard,Schulze,bschulzer0@delicious.com,Male,70.59.234.30
974,Emmye,Mewitt,emewittr1@who.int,Female,164.12.141.107
975,Blancha,Shand,bshandr2@prlog.org,Female,196.33.32.63
976,Viviene,Lewis,vlewisr3@cpanel.net,Female,168.186.171.245
977,Romonda,Cullip,rcullipr4@sphinn.com,Female,169.76.250.188
978,Ede,Brandts,ebrandtsr5@engadget.com,Genderqueer,141.77.134.229
979,Rodrigo,Bromell,rbromellr6@newyorker.com,Bigender,177.205.65.64
980,Jacques,Fenney,jfenneyr7@house.gov,Male,238.63.47.123
981,Gerome,Hirthe,ghirther8@apple.com,Male,127.159.110.245
982,Bernie,Gobbett,bgobbettr9@ask.com,Female,231.232.54.7
983,Revkah,Hebdon,rhebdonra@yandex.ru,Female,79.107.151.179
984,Raviv,Sneath,rsneathrb@wunderground.com,Male,245.141.90.180
985,Lincoln,Denerley,ldenerleyrc@ycombinator.com,Male,114.242.150.198
986,Ardath,Chazier,achazierrd@infoseek.co.jp,Female,168.235.152.203
987,Jojo,Rowledge,jrowledgere@about.com,Female,65.75.182.234
988,Valeria,Halcro,vhalcrorf@google.com,Female,176.141.45.14
989,Van,Flowith,vflowithrg@php.net,Male,194.234.222.170
990,Jenilee,Tenpenny,jtenpennyrh@feedburner.com,Female,102.104.242.166
991,Dal,Eades,deadesri@wp.com,Male,248.53.201.134
992,Lacie,Sallarie,lsallarierj@digg.com,Female,168.215.122.156
993,Heloise,Dufty,hduftyrk@4shared.com,Female,162.223.20.34
994,Florella,McFaell,fmcfaellrl@state.gov,Female,136.99.109.15
995,Willi,MacAirt,wmacairtrm@meetup.com,Male,29.84.174.104
996,Alene,Castiblanco,acastiblancorn@tinypic.com,Female,27.159.140.149
997,Kippar,Sproat,ksproatro@ted.com,Male,226.105.147.3
998,Ransell,Serck,rserckrp@wiley.com,Male,238.80.8.19
999,Salvador,Daudray,sdaudrayrq@mediafire.com,Male,16.97.41.113
1000,Jackson,Mark,jmarkrr@toplist.cz,Bigender,87.238.124.252
